-- ============================================
-- 教育管理系统 — 随机测试数据
-- ============================================
SET NAMES utf8mb4;

-- ========== 1. 班级 (8个) ==========
INSERT INTO edu_class (class_id, class_name, class_code, grade, major, class_sort, class_status, class_deleted, class_remark, gmt_create, gmt_modified) VALUES
(1001, '软件工程2024-1班', 'CLS001', '2024级', '软件工程',         1, 1, 0, NULL, NOW(), NOW()),
(1002, '软件工程2024-2班', 'CLS002', '2024级', '软件工程',         2, 1, 0, NULL, NOW(), NOW()),
(1003, '计算机科学2024-1班','CLS003', '2024级', '计算机科学与技术', 3, 1, 0, NULL, NOW(), NOW()),
(1004, '人工智能2024-1班',  'CLS004', '2024级', '人工智能',         4, 1, 0, NULL, NOW(), NOW()),
(1005, '软件工程2023-1班', 'CLS005', '2023级', '软件工程',         5, 1, 0, NULL, NOW(), NOW()),
(1006, '软件工程2023-2班', 'CLS006', '2023级', '软件工程',         6, 1, 0, NULL, NOW(), NOW()),
(1007, '计算机科学2023-1班','CLS007', '2023级', '计算机科学与技术', 7, 1, 0, NULL, NOW(), NOW()),
(1008, '数据科学2023-1班',  'CLS008', '2023级', '数据科学与大数据', 8, 1, 0, NULL, NOW(), NOW());

-- ========== 2. 教师 (10人) ==========
INSERT INTO edu_teacher (teacher_id, teacher_no, teacher_name, gender, phone, email, title, teacher_status, teacher_deleted, teacher_remark, gmt_create, gmt_modified) VALUES
(2001, 'TCH000001', '张建国', 1, '13800001001', 'zhangjg@edu.cn', '教授',     1, 0, NULL, NOW(), NOW()),
(2002, 'TCH000002', '李明华', 1, '13800001002', 'limh@edu.cn',   '副教授',   1, 0, NULL, NOW(), NOW()),
(2003, 'TCH000003', '王芳',   2, '13800001003', 'wangf@edu.cn',   '副教授',   1, 0, NULL, NOW(), NOW()),
(2004, 'TCH000004', '陈志远', 1, '13800001004', 'chenzy@edu.cn',  '讲师',     1, 0, NULL, NOW(), NOW()),
(2005, 'TCH000005', '刘雪梅', 2, '13800001005', 'liuxm@edu.cn',   '教授',     1, 0, NULL, NOW(), NOW()),
(2006, 'TCH000006', '赵伟',   1, '13800001006', 'zhaow@edu.cn',   '讲师',     1, 0, NULL, NOW(), NOW()),
(2007, 'TCH000007', '孙丽萍', 2, '13800001007', 'sunlp@edu.cn',   '教授',     1, 0, NULL, NOW(), NOW()),
(2008, 'TCH000008', '周文博', 1, '13800001008', 'zhouwb@edu.cn',  '副教授',   1, 0, NULL, NOW(), NOW()),
(2009, 'TCH000009', '吴晓东', 1, '13800001009', 'wuxd@edu.cn',   '讲师',     1, 0, NULL, NOW(), NOW()),
(2010, 'TCH000010', '郑怡',   2, '13800001010', 'zhengy@edu.cn',  '副教授',   1, 0, NULL, NOW(), NOW());

-- ========== 3. 课程 (15门) ==========
INSERT INTO edu_course (course_id, course_name, course_code, credit, course_hours, course_type, teacher_id, semester, course_status, course_deleted, course_remark, gmt_create, gmt_modified) VALUES
(3001, '高等数学（上）',   'CRS001', 5.0, 80, 'required', 2001, '2024-2025-1', 1, 0, NULL, NOW(), NOW()),
(3002, '线性代数',         'CRS002', 4.0, 64, 'required', 2001, '2024-2025-1', 1, 0, NULL, NOW(), NOW()),
(3003, 'C语言程序设计',    'CRS003', 4.0, 64, 'required', 2002, '2024-2025-1', 1, 0, NULL, NOW(), NOW()),
(3004, '数据结构',         'CRS004', 4.0, 64, 'required', 2003, '2024-2025-2', 1, 0, NULL, NOW(), NOW()),
(3005, '操作系统',         'CRS005', 4.0, 64, 'required', 2004, '2024-2025-2', 1, 0, NULL, NOW(), NOW()),
(3006, '计算机网络',       'CRS006', 3.5, 56, 'required', 2005, '2024-2025-2', 1, 0, NULL, NOW(), NOW()),
(3007, '数据库原理',       'CRS007', 3.5, 56, 'required', 2006, '2025-2026-1', 1, 0, NULL, NOW(), NOW()),
(3008, '软件工程',         'CRS008', 3.0, 48, 'required', 2007, '2025-2026-1', 1, 0, NULL, NOW(), NOW()),
(3009, '编译原理',         'CRS009', 3.0, 48, 'required', 2008, '2025-2026-1', 1, 0, NULL, NOW(), NOW()),
(3010, '人工智能导论',     'CRS010', 3.0, 48, 'elective', 2009, '2025-2026-1', 1, 0, NULL, NOW(), NOW()),
(3011, 'Python数据分析',   'CRS011', 2.5, 40, 'elective', 2010, '2025-2026-1', 1, 0, NULL, NOW(), NOW()),
(3012, '算法设计与分析',   'CRS012', 3.0, 48, 'required', 2003, '2025-2026-2', 1, 0, NULL, NOW(), NOW()),
(3013, '计算机组成原理',   'CRS013', 4.0, 64, 'required', 2002, '2024-2025-2', 1, 0, NULL, NOW(), NOW()),
(3014, 'Java企业级开发',   'CRS014', 3.0, 48, 'elective', 2004, '2025-2026-2', 1, 0, NULL, NOW(), NOW()),
(3015, '机器学习基础',     'CRS015', 3.0, 48, 'elective', 2009, '2025-2026-2', 1, 0, NULL, NOW(), NOW());

-- ========== 4. 学生 (40人) ==========
INSERT INTO edu_student (student_id, student_no, student_name, gender, phone, email, birthday, class_id, enrollment_year, student_status, student_deleted, grade, gmt_create, gmt_modified) VALUES
-- 2024级 软件1班
(4001, 'STU20240001', '张伟',   1, '13900010001', 'zhangwei@stu.edu.cn',   '2005-03-15', 1001, '2024', 1, 0, '2024级', NOW(), NOW()),
(4002, 'STU20240002', '李娜',   2, '13900010002', 'lina@stu.edu.cn',      '2005-07-22', 1001, '2024', 1, 0, '2024级', NOW(), NOW()),
(4003, 'STU20240003', '王浩',   1, '13900010003', 'wanghao@stu.edu.cn',   '2006-01-08', 1001, '2024', 1, 0, '2024级', NOW(), NOW()),
(4004, 'STU20240004', '陈静',   2, '13900010004', 'chenjing@stu.edu.cn',  '2005-11-30', 1001, '2024', 1, 0, '2024级', NOW(), NOW()),
(4005, 'STU20240005', '刘洋',   1, '13900010005', 'liuyang@stu.edu.cn',   '2005-06-18', 1001, '2024', 2, 0, '2024级', NOW(), NOW()),
-- 2024级 软件2班
(4006, 'STU20240006', '赵敏',   2, '13900010006', 'zhaomin@stu.edu.cn',    '2005-09-03', 1002, '2024', 1, 0, '2024级', NOW(), NOW()),
(4007, 'STU20240007', '孙磊',   1, '13900010007', 'sunlei@stu.edu.cn',     '2005-04-12', 1002, '2024', 1, 0, '2024级', NOW(), NOW()),
(4008, 'STU20240008', '周洁',   2, '13900010008', 'zhoujie@stu.edu.cn',    '2006-02-28', 1002, '2024', 1, 0, '2024级', NOW(), NOW()),
(4009, 'STU20240009', '吴刚',   1, '13900010009', 'wugang@stu.edu.cn',     '2005-08-17', 1002, '2024', 1, 0, '2024级', NOW(), NOW()),
(4010, 'STU20240010', '郑爽',   2, '13900010010', 'zhengshuang@stu.edu.cn','2005-12-05', 1002, '2024', 1, 0, '2024级', NOW(), NOW()),
-- 2024级 计科1班
(4011, 'STU20240011', '冯涛',   1, '13900010011', 'fengtao@stu.edu.cn',    '2005-01-20', 1003, '2024', 1, 0, '2024级', NOW(), NOW()),
(4012, 'STU20240012', '褚芳',   2, '13900010012', 'chufang@stu.edu.cn',    '2005-10-14', 1003, '2024', 1, 0, '2024级', NOW(), NOW()),
(4013, 'STU20240013', '蒋超',   1, '13900010013', 'jiangchao@stu.edu.cn',  '2005-05-09', 1003, '2024', 1, 0, '2024级', NOW(), NOW()),
(4014, 'STU20240014', '沈悦',   2, '13900010014', 'shenyue@stu.edu.cn',    '2006-03-08', 1003, '2024', 1, 0, '2024级', NOW(), NOW()),
(4015, 'STU20240015', '韩冰',   2, '13900010015', 'hanbing@stu.edu.cn',    '2005-07-29', 1003, '2024', 1, 0, '2024级', NOW(), NOW()),
-- 2024级 人工智能1班
(4016, 'STU20240016', '杨帆',   1, '13900010016', 'yangfan@stu.edu.cn',    '2005-02-14', 1004, '2024', 1, 0, '2024级', NOW(), NOW()),
(4017, 'STU20240017', '朱婷',   2, '13900010017', 'zhuting@stu.edu.cn',    '2005-06-25', 1004, '2024', 1, 0, '2024级', NOW(), NOW()),
(4018, 'STU20240018', '秦海',   1, '13900010018', 'qinhai@stu.edu.cn',     '2005-09-30', 1004, '2024', 1, 0, '2024级', NOW(), NOW()),
(4019, 'STU20240019', '尤莉',   2, '13900010019', 'youli@stu.edu.cn',      '2006-01-15', 1004, '2024', 1, 0, '2024级', NOW(), NOW()),
(4020, 'STU20240020', '许鹏',   1, '13900010020', 'xupeng@stu.edu.cn',     '2005-04-08', 1004, '2024', 1, 0, '2024级', NOW(), NOW()),
-- 2023级 软件1班
(4021, 'STU20230001', '何明',   1, '13900020001', 'heming@stu.edu.cn',     '2004-08-20', 1005, '2023', 1, 0, '2023级', NOW(), NOW()),
(4022, 'STU20230002', '吕萍',   2, '13900020002', 'lvping@stu.edu.cn',     '2004-11-12', 1005, '2023', 1, 0, '2023级', NOW(), NOW()),
(4023, 'STU20230003', '施杰',   1, '13900020003', 'shijie@stu.edu.cn',     '2004-03-05', 1005, '2023', 1, 0, '2023级', NOW(), NOW()),
(4024, 'STU20230004', '张晨',   1, '13900020004', 'zhangchen@stu.edu.cn',  '2004-06-18', 1005, '2023', 3, 0, '2023级', NOW(), NOW()),
(4025, 'STU20230005', '孔琳',   2, '13900020005', 'konglin@stu.edu.cn',    '2004-09-22', 1005, '2023', 1, 0, '2023级', NOW(), NOW()),
-- 2023级 软件2班
(4026, 'STU20230006', '曹勇',   1, '13900020006', 'caoyong@stu.edu.cn',    '2004-01-10', 1006, '2023', 1, 0, '2023级', NOW(), NOW()),
(4027, 'STU20230007', '严丽',   2, '13900020007', 'yanli@stu.edu.cn',      '2004-05-14', 1006, '2023', 1, 0, '2023级', NOW(), NOW()),
(4028, 'STU20230008', '华磊',   1, '13900020008', 'hualei@stu.edu.cn',     '2004-07-28', 1006, '2023', 1, 0, '2023级', NOW(), NOW()),
(4029, 'STU20230009', '金蕊',   2, '13900020009', 'jinrui@stu.edu.cn',     '2004-02-18', 1006, '2023', 1, 0, '2023级', NOW(), NOW()),
(4030, 'STU20230010', '魏凯',   1, '13900020010', 'weikai@stu.edu.cn',     '2004-10-09', 1006, '2023', 1, 0, '2023级', NOW(), NOW()),
-- 2023级 计科1班
(4031, 'STU20230011', '陶然',   1, '13900020011', 'taoran@stu.edu.cn',     '2004-04-25', 1007, '2023', 1, 0, '2023级', NOW(), NOW()),
(4032, 'STU20230012', '姜珊',   2, '13900020012', 'jiangshan@stu.edu.cn',  '2004-08-07', 1007, '2023', 1, 0, '2023级', NOW(), NOW()),
(4033, 'STU20230013', '戚浩',   1, '13900020013', 'qihao@stu.edu.cn',      '2004-12-15', 1007, '2023', 1, 0, '2023级', NOW(), NOW()),
(4034, 'STU20230014', '谢婉',   2, '13900020014', 'xiewan@stu.edu.cn',     '2004-03-30', 1007, '2023', 2, 0, '2023级', NOW(), NOW()),
(4035, 'STU20230015', '邹阳',   1, '13900020015', 'zouyang@stu.edu.cn',    '2004-06-22', 1007, '2023', 1, 0, '2023级', NOW(), NOW()),
-- 2023级 数据科学1班
(4036, 'STU20230016', '苏浩',   1, '13900020016', 'suhao@stu.edu.cn',      '2004-01-17', 1008, '2023', 1, 0, '2023级', NOW(), NOW()),
(4037, 'STU20230017', '潘悦',   2, '13900020017', 'panyue@stu.edu.cn',     '2004-09-05', 1008, '2023', 1, 0, '2023级', NOW(), NOW()),
(4038, 'STU20230018', '葛亮',   1, '13900020018', 'geliang@stu.edu.cn',    '2004-05-20', 1008, '2023', 1, 0, '2023级', NOW(), NOW()),
(4039, 'STU20230019', '范婷',   2, '13900020019', 'fanting@stu.edu.cn',    '2004-11-08', 1008, '2023', 1, 0, '2023级', NOW(), NOW()),
(4040, 'STU20230020', '彭冲',   1, '13900020020', 'pengchong@stu.edu.cn',  '2004-07-14', 1008, '2023', 1, 0, '2023级', NOW(), NOW());

-- ========== 5. 选课记录 (80条) ==========
INSERT INTO edu_student_course (rel_id, student_id, course_id, score, rel_status, gmt_create, gmt_modified) VALUES
-- 2024级学生选课（大一课程）
(5001,  4001, 3001, 92.0, 2, NOW(), NOW()),
(5002,  4001, 3002, 85.5, 2, NOW(), NOW()),
(5003,  4001, 3003, 88.0, 2, NOW(), NOW()),
(5004,  4002, 3001, 76.0, 2, NOW(), NOW()),
(5005,  4002, 3002, 81.0, 2, NOW(), NOW()),
(5006,  4002, 3003, 90.5, 2, NOW(), NOW()),
(5007,  4003, 3001, 55.0, 2, NOW(), NOW()),   -- 不及格
(5008,  4003, 3002, 67.0, 2, NOW(), NOW()),
(5009,  4003, 3003, 72.0, 2, NOW(), NOW()),
(5010,  4006, 3001, 83.0, 2, NOW(), NOW()),
(5011,  4006, 3002, 91.0, 2, NOW(), NOW()),
(5012,  4007, 3001, 78.5, 2, NOW(), NOW()),
(5013,  4007, 3002, 69.0, 2, NOW(), NOW()),
(5014,  4007, 3003, 94.0, 2, NOW(), NOW()),
(5015,  4011, 3001, 87.0, 2, NOW(), NOW()),
(5016,  4011, 3003, 82.0, 2, NOW(), NOW()),
(5017,  4016, 3001, 73.5, 2, NOW(), NOW()),
(5018,  4016, 3002, 58.0, 2, NOW(), NOW()),   -- 不及格
(5019,  4016, 3003, 89.0, 2, NOW(), NOW()),
-- 2024级 大一下课程（在读）
(5020,  4001, 3004, NULL, 1, NOW(), NOW()),
(5021,  4001, 3005, NULL, 1, NOW(), NOW()),
(5022,  4002, 3004, NULL, 1, NOW(), NOW()),
(5023,  4002, 3006, NULL, 1, NOW(), NOW()),
(5024,  4003, 3004, NULL, 1, NOW(), NOW()),
(5025,  4006, 3005, NULL, 1, NOW(), NOW()),
(5026,  4006, 3013, NULL, 1, NOW(), NOW()),
(5027,  4011, 3005, NULL, 1, NOW(), NOW()),
(5028,  4016, 3006, NULL, 1, NOW(), NOW()),

-- 2023级学生选课（大二课程）
(5029,  4021, 3004, 86.0, 2, NOW(), NOW()),
(5030,  4021, 3005, 79.0, 2, NOW(), NOW()),
(5031,  4021, 3006, 92.0, 2, NOW(), NOW()),
(5032,  4021, 3013, 88.0, 2, NOW(), NOW()),
(5033,  4022, 3004, 74.0, 2, NOW(), NOW()),
(5034,  4022, 3005, 81.5, 2, NOW(), NOW()),
(5035,  4022, 3006, 77.0, 2, NOW(), NOW()),
(5036,  4023, 3004, 65.0, 2, NOW(), NOW()),
(5037,  4023, 3005, 53.0, 2, NOW(), NOW()),   -- 不及格
(5038,  4023, 3006, 71.0, 2, NOW(), NOW()),
(5039,  4026, 3004, 90.0, 2, NOW(), NOW()),
(5040,  4026, 3005, 87.0, 2, NOW(), NOW()),
(5041,  4026, 3013, 82.5, 2, NOW(), NOW()),
(5042,  4027, 3004, 78.0, 2, NOW(), NOW()),
(5043,  4027, 3006, 84.0, 2, NOW(), NOW()),
(5044,  4031, 3004, 95.0, 2, NOW(), NOW()),
(5045,  4031, 3005, 89.0, 2, NOW(), NOW()),
(5046,  4031, 3006, 91.0, 2, NOW(), NOW()),
(5047,  4031, 3013, 86.0, 2, NOW(), NOW()),
(5048,  4036, 3004, 70.0, 2, NOW(), NOW()),
(5049,  4036, 3005, 75.0, 2, NOW(), NOW()),
-- 2023级 大二下和大三上课程（在读）
(5050,  4021, 3007, NULL, 1, NOW(), NOW()),
(5051,  4021, 3008, NULL, 1, NOW(), NOW()),
(5052,  4022, 3007, NULL, 1, NOW(), NOW()),
(5053,  4022, 3009, NULL, 1, NOW(), NOW()),
(5054,  4023, 3010, NULL, 1, NOW(), NOW()),
(5055,  4026, 3007, NULL, 1, NOW(), NOW()),
(5056,  4026, 3011, NULL, 1, NOW(), NOW()),
(5057,  4031, 3008, NULL, 1, NOW(), NOW()),
(5058,  4031, 3009, NULL, 1, NOW(), NOW()),
(5059,  4031, 3010, NULL, 1, NOW(), NOW()),
(5060,  4036, 3007, NULL, 1, NOW(), NOW()),
(5061,  4036, 3008, NULL, 1, NOW(), NOW()),

-- 跨年级选课
(5062,  4001, 3011, NULL, 1, NOW(), NOW()),
(5063,  4021, 3011, NULL, 1, NOW(), NOW()),
(5064,  4022, 3010, NULL, 1, NOW(), NOW());

-- ========== 6. 统计快照 ==========
INSERT INTO edu_stat (stat_id, stat_date, total_students, total_teachers, total_courses, total_enrollments, avg_score, fail_count, gmt_create) VALUES
(6001, '2025-07-01', 40, 10, 15, 80, 78.5, 3, NOW()),
(6002, '2025-07-02', 40, 10, 15, 80, 78.6, 3, NOW()),
(6003, '2025-07-03', 40, 10, 15, 80, 78.4, 3, NOW()),
(6004, '2025-07-04', 40, 10, 15, 80, 78.7, 3, NOW()),
(6005, '2025-07-05', 40, 10, 15, 80, 78.8, 3, NOW()),
(6006, '2025-07-06', 40, 10, 15, 80, 78.6, 3, NOW()),
(6007, '2025-07-07', 40, 10, 15, 80, 78.9, 3, NOW());
